color,D,D,D,E,E,E,F,F,F,G,G,G,H,H,H,I,I,I,J,J,J
price_cate,저가,중가,고가,저가,중가,고가,저가,중가,고가,저가,중가,고가,저가,중가,고가,저가,중가,고가,저가,중가,고가
cut,,,,,,,,,,,,,,,,,,,,,
Fair,0.32375,0.8836363636363637,1.7525000000000002,0.3676,0.8603763440860215,1.7430769230769232,0.44634146341463415,0.9108695652173913,1.8622222222222224,0.4765217391304347,0.9574517374517374,1.954375,0.406,1.0887984496124032,2.16175,0.45999999999999996,1.0968421052631578,2.2577777777777777,0.41250000000000003,1.2111881188118812,2.544285714285714
Good,0.34695402298850575,0.8436008676789587,1.614814814814815,0.34195020746887966,0.8223161189358373,1.6479245283018868,0.3422164948453608,0.8384179104477613,1.7153333333333334,0.3367222222222222,0.8949838187702266,1.7454794520547945,0.3335757575757576,0.9696137339055794,1.905070422535211,0.35533333333333333,1.0450294117647059,2.0681818181818183,0.3832075471698113,1.1359734513274338,2.1614285714285715
Ideal,0.3295945945945946,0.6352397458116695,1.3241843971631206,0.3306011730205279,0.6583729821580289,1.3878378378378378,0.32721008403361346,0.7144741379310344,1.4627848101265823,0.3317377260981912,0.7708238538435022,1.5462068965517242,0.33164102564102566,0.8891100323624596,1.8138461538461539,0.34927868852459015,0.9557775919732441,1.933101045296167,0.38143564356435644,1.0815679442508712,2.1259166666666665
Premium,0.3407780320366132,0.7791682785299806,1.5307575757575758,0.33737089201877934,0.767641196013289,1.5880310880829016,0.3475604395604395,0.8471052631578948,1.5930165289256197,0.3435514018691589,0.875,1.697095890410959,0.3345173745173745,1.0253729281767956,1.880203045685279,0.33933110367892977,1.1228329297820823,2.00016501650165,0.35663551401869154,1.1893881453154875,2.1607303370786517
Very Good,0.32667405764966745,0.7879771784232366,1.4974489795918366,0.3120742637644046,0.7834147997284454,1.544246575342466,0.31654822335025384,0.8215114613180515,1.5227683615819207,0.3335905044510386,0.8570138888888889,1.642864864864865,0.32915909090909096,0.9595603448275861,1.8427232142857142,0.34617924528301885,1.011140350877193,1.9600515463917525,0.3785567010309278,1.0877338877338878,2.084
